Num,y
348622,1467.55419922
348623,16877.6054688
348624,212119.640625
348625,30401.1328125
348626,3810.14746094
348627,108029.609375
348628,42391.8203125
348629,82888.6328125
348630,85039.3046875
348631,5460.93945312
348632,6592.36865234
348633,82088.359375
348634,358527.40625
348635,27744.2890625
348636,2402.43994141
348637,374056.96875
348638,122288.71875
348639,470433.65625
348640,519197.40625
348641,2369.16308594
348642,139392.796875
348643,33857.5
348644,1318.18395996
348645,22197.1425781
348646,11587.1699219
348647,166381.5
348648,8999.00683594
348649,31993.90625
348650,11858.7998047
348651,21381.5351562
348652,27799.375
348653,223921.25
348654,24320.828125
348655,27491.6601562
348656,12038.5400391
348657,12813.0302734
348658,39078.3789062
348659,5313.45214844
348660,6045.59716797
348661,17388.640625
348662,7165.3046875
348663,27331.1894531
348664,1557206.375
348665,86859.65625
348666,513207.0
348667,1071862.375
348668,101508.5625
348669,28788.7480469
348670,24206.5332031
348671,11973.0361328
348672,35814.5625
348673,407.819549561
348674,765.990844727
348675,2256064.0
348676,420592.0625
348677,11996.0898438
348678,23247.6933594
348679,350387.40625
348680,15727.4853516
348681,8485.02734375
348682,31662.4003906
348683,9456.35546875
348684,9456.35546875
348685,21801.9394531
348686,118273.890625
348687,15309.2783203
348688,95747.234375
348689,95747.234375
348690,8770.72265625
348691,187873.1875
348692,20168.4960938
348693,153069.9375
348694,129086.523438
348695,126493.4375
348696,38460.1210938
348697,96650.328125
348698,2323.93286133
348699,16547.7246094
348700,13983.9716797
348701,82069.5859375
348702,10935.3876953
348703,43315.046875
348704,63288.421875
348705,181436.859375
348706,105892.0625
348707,19360.7109375
348708,7977.85498047
348709,49074.171875
348710,58290.5234375
348711,42702.1640625
348712,7103.4765625
348713,79686.84375
348714,69639.890625
348715,158557.640625
348716,13964.7128906
348717,178.054855347
348718,1990.00695801
348719,3699.31445312
348720,12664.5527344
348721,532567.375
348722,5130.19287109
348723,1022.71948242
348724,12660.3378906
348725,3763.23022461
348726,3763.23022461
348727,51980.5898438
348728,306005.25
348729,43311.75
348730,705586.25
348731,440067.875
348732,23389.3125
348733,187246.96875
348734,7847.75878906
348735,2386136.5
348736,57164.3632812
348737,61433.4179688
348738,817877.1875
348739,679245.3125
348740,714065.875
348741,1169462.25
348742,132951.625
348743,132467.71875
348744,1709.87744141
348745,9473.88085938
348746,1765.33703613
348747,13665.2402344
348748,94409.390625
348749,3032.06030273
348750,35159.2890625
348751,463380.4375
348752,113317.976562
348753,668464.25
348754,313452.625
348755,96767.9453125
348756,67476.6640625
348757,999.659912109
348758,15740.4082031
348759,333710.15625
348760,718830.125
348761,346237.4375
348762,17833.7402344
348763,29313.0742188
348764,306.803527832
348765,8799.47753906
348766,126696.585938
348767,3276.88452148
348768,647.761169434
348769,97378.390625
348770,12184.6777344
348771,1871.59082031
348772,1223.75292969
348773,155937.796875
348774,862176.0
348775,2306.04199219
348776,19279.2714844
348777,193.815338135
348778,14844.8242188
348779,104480.375
348780,166139.625
348781,111023.53125
348782,296699.46875
348783,331286.46875
348784,15611.6230469
348785,11651.8232422
348786,23719.1035156
348787,3508.88647461
348788,3864.47998047
348789,74239.0
348790,25595.8398438
348791,815619.0
348792,320231.375
348793,569.986877441
348794,449.367492676
348795,23.1830368042
348796,999.610839844
348797,1152.96105957
348798,94276.4921875
348799,8326.29492188
348800,1022.2432251
348801,3777.06323242
348802,1955.08312988
348803,1036.05236816
348804,2524.86425781
348805,3896.54052734
348806,700623.125
348807,18637.6933594
348808,1629059.5
348809,682956.6875
348810,35595.2109375
348811,32812.1015625
348812,4344.703125
348813,35223.0429688
348814,46471.4023438
348815,84441.1484375
348816,244065.890625
348817,93010.625
348818,5793.60058594
348819,291033.4375
348820,22628.6308594
348821,668.897155762
348822,1646.16564941
348823,19021.0195312
348824,15931.9521484
348825,25903.8828125
348826,730.971618652
348827,686.889221191
348828,119310.929688
348829,770462.1875
348830,354930.03125
348831,736697.25
348832,32394.1289062
348833,6962.88183594
348834,35480.59375
348835,119572.84375
348836,652335.8125
348837,527.800964355
348838,560.982543945
348839,537.920288086
348840,8051.55957031
348841,56001.0195312
348842,26456.2089844
348843,838.108581543
348844,5162.43701172
348845,271924.46875
348846,660937.625
348847,30075.2578125
349519,1689.47900391
349520,18857.9570312
349521,493956.25
349522,31586.0175781
349523,3171.27490234
349524,181054.828125
349525,49852.1757812
349526,87840.8203125
349527,80601.609375
349528,6400.60253906
349529,6623.16650391
349530,81824.5390625
349531,313089.5625
349532,39328.0351562
349533,2285.16992188
349534,202597.0625
349535,142506.3125
349536,475843.84375
349537,443288.625
349538,2383.60522461
349539,142206.25
349540,34030.5859375
349541,1180.67980957
349542,20757.0664062
349543,10942.2744141
349544,157044.171875
349545,9525.33398438
349546,92633.9453125
349547,12414.1064453
349548,20000.2363281
349549,29892.5898438
349550,267471.65625
349551,20407.84375
349552,30438.0644531
349553,12304.2402344
349554,9610.55273438
349555,41046.640625
349556,9970.45214844
349557,6966.44335938
349558,22049.5195312
349559,8764.49511719
349560,28318.59375
349561,1519707.125
349562,77935.921875
349563,492482.78125
349564,1049512.5
349565,81742.0859375
349566,31694.2050781
349567,28365.5390625
349568,15790.4277344
349569,47565.28125
349570,179.590896606
349571,578.518920898
349572,2458397.25
349573,410920.5
349574,8602.96484375
349575,51182.2617188
349576,329234.40625
349577,16098.859375
349578,2808.70654297
349579,27970.671875
349580,4259.49658203
349581,4259.49658203
349582,16606.5722656
349583,83386.0390625
349584,6250.30566406
349585,44395.4296875
349586,44395.4296875
349587,4484.60058594
349588,190382.09375
349589,23466.9316406
349590,169172.59375
349591,132450.21875
349592,126601.15625
349593,64258.828125
349594,102623.429688
349595,3040.58398438
349596,16411.3300781
349597,14389.0048828
349598,70331.328125
349599,8439.48828125
349600,46439.203125
349601,63483.53125
349602,168435.390625
349603,114156.320312
349604,14656.7099609
349605,8046.26611328
349606,50716.0039062
349607,75896.0546875
349608,43042.6757812
349609,8250.24023438
349610,91906.1171875
349611,101526.28125
349612,198066.828125
349613,12229.2294922
349614,614.77520752
349615,2466.65429688
349616,3786.11938477
349617,14880.8095703
349618,526778.5625
349619,6256.390625
349620,1587.05554199
349621,15238.4990234
349622,4239.87597656
349623,4239.87597656
349624,61405.9414062
349625,237555.4375
349626,119195.054688
349627,906564.5625
349628,258888.109375
349629,35499.4296875
349630,172700.109375
349631,2171.42773438
349632,2300613.5
349633,44427.4023438
349634,52986.96875
349635,740181.375
349636,787618.625
349637,727263.1875
349638,1257105.25
349639,120161.765625
349640,110643.460938
349641,1745.26806641
349642,9540.5078125
349643,2076.47387695
349644,14334.6572266
349645,88128.7421875
349646,4796.34033203
349647,32373.1972656
349648,417037.875
349649,111078.890625
349650,634273.6875
349651,284759.46875
349652,91628.2109375
349653,68688.640625
349654,843.860229492
349655,16582.90625
349656,261789.359375
349657,731211.0625
349658,338413.0625
349659,18450.6933594
349660,27866.1816406
349661,252.514984131
349662,6976.55859375
349663,122672.65625
349664,3546.58178711
349665,567.370788574
349666,97223.2890625
349667,10288.6933594
349668,2545.20703125
349669,1556.94580078
349670,144748.859375
349671,786369.9375
349672,2334.1550293
349673,24538.40625
349674,144.241592407
349675,12224.9873047
349676,88279.1953125
349677,146457.640625
349678,120401.507812
349679,311084.3125
349680,368489.71875
349681,16654.9453125
349682,10936.8125
349683,26694.5683594
349684,3692.87890625
349685,4060.10131836
349686,76205.828125
349687,28225.2070312
349688,756767.9375
349689,315294.25
349690,605.092346191
349691,320.4453125
349692,0.0
349693,1245.37609863
349694,1049.57507324
349695,82025.359375
349696,9380.91796875
349697,1381.84228516
349698,3948.63989258
349699,1856.09228516
349700,1158.03125
349701,3675.70556641
349702,4527.03125
349703,805906.6875
349704,17696.5683594
349705,1272784.5
349706,506644.59375
349707,31626.4277344
349708,31258.9921875
349709,5723.19580078
349710,34927.9335938
349711,59318.9765625
349712,93381.03125
349713,243209.296875
349714,95588.234375
349715,10224.4599609
349716,295687.53125
349717,23749.7480469
349718,799.294616699
349719,1493.75048828
349720,17827.0859375
349721,10221.96875
349722,23666.953125
349723,636.117675781
349724,167.270019531
349725,116939.546875
349726,800216.25
349727,328584.46875
349728,676560.5
349729,30835.0761719
349730,7648.81005859
349731,33163.4101562
349732,119182.59375
349733,441762.0
349734,435.803466797
349735,474.949951172
349736,477.877075195
349737,7697.7890625
349738,59822.2265625
349739,18986.3691406
349740,755.010864258
349741,6617.0546875
349742,280039.375
349743,627181.0
349744,27891.5566406
349745,18412.7929688
349746,485500.84375
349747,30541.7871094
349748,3704.45727539
349749,169444.046875
349750,52547.3789062
349751,90576.34375
349752,93973.671875
349753,6723.27441406
349754,6109.50244141
349755,78706.3359375
349756,327968.84375
349757,55073.8242188
349758,1535889.375
349759,1865.54272461
349760,2461.23364258
349761,213986.03125
349762,146977.5
349763,525872.375
349764,484654.125
349765,2559.66894531
349766,146944.4375
349767,34155.9765625
349768,1356.74377441
349769,22322.3671875
349770,12801.7060547
349771,160833.0
349772,11078.1201172
349773,29807.5273438
349774,7101.43896484
349775,23099.9472656
349776,30743.2441406
349777,270303.25
349778,23256.3496094
349779,32062.5488281
349780,12429.1220703
349781,9735.43457031
349782,37809.0898438
349783,10095.3339844
349784,7091.32373047
349785,23296.8085938
349786,8889.37695312
349787,10035.4189453
349788,12867.4453125
349789,80793.359375
349790,447212.625
349791,962834.4375
349792,84209.671875
349793,35012.0546875
349794,29078.4179688
349795,17233.625
349796,46344.453125
349797,472.983337402
349798,817.7890625
349799,2290832.25
349800,415979.875
349801,23936.5332031
349802,166416.3125
349803,329362.875
349804,15890.5830078
349805,10652.2236328
349806,33829.5703125
349807,11623.5507812
349808,11623.5507812
349809,23969.1308594
349810,111886.328125
349811,9146.8125
349812,89359.6640625
349813,89359.6640625
349814,10707.6035156
349815,194004.75
349816,10014.9472656
349817,55234.9101562
349818,135058.453125
349819,132297.734375
349820,68718.625
349821,3242.9387207
349822,16985.1738281
349823,15281.1640625
349824,65338.4101562
349825,9566.78222656
349826,69074.6796875
349827,182631.46875
349828,119897.71875
349829,48134.3945312
349830,13319.6347656
349831,528899.8125
349832,8575.578125
349833,52822.7617188
349834,76644.09375
349835,43576.3085938
349836,9525.14550781
349837,93347.9453125
349838,104542.679688
349839,199114.3125
349840,12533.4580078
349841,697.100463867
349842,2610.83520508
349843,4445.73974609
349844,90407.859375
349845,12653.1816406
349846,5876.62109375
349847,1634.22814941
349848,14579.2734375
349849,4287.04833984
349850,4287.04833984
349851,59988.9140625
349852,227129.59375
349853,120776.179688
349854,889167.0625
349855,258399.375
349856,26018.0117188
349857,181522.015625
349858,2563211.0
349859,54798.3476562
349860,68555.9609375
349861,726172.875
349862,769704.8125
349863,716563.8125
349864,1276766.75
349865,131195.046875
349866,112136.429688
349867,1817.64672852
349868,9612.88769531
349869,1998.3795166
349870,14593.1357422
349871,87322.59375
349872,4843.11767578
349873,35219.90625
349874,438633.28125
349875,111339.257812
349876,640198.125
349877,295444.34375
349878,97434.3125
349879,76251.3359375
349880,916.238891602
349881,17855.8945312
349882,270738.84375
349883,669034.5
349884,344636.625
349885,18612.1503906
349886,29248.0410156
349887,304.107147217
349888,11675.2675781
349889,3789.8125
349890,97841.5625
349891,121876.359375
349892,9995.85449219
349893,2342.20678711
349894,1670.54260254
349895,153770.546875
349896,762073.1875
349897,109385.578125
349898,2194.31323242
349899,22780.4570312
349900,243.122940063
349901,706.29876709
349902,91374.3828125
349903,166382.265625
349904,126665.835938
349905,303452.25
349906,373148.84375
349907,17835.15625
349908,10881.5175781
349909,28892.9609375
349910,3765.25732422
349911,4132.47753906
349912,75123.15625
349913,29529.5703125
349914,793734.1875
349915,4503.81054688
349916,711.653015137
349917,392.823913574
349918,0.0
349919,469.690460205
349920,1317.75476074
349921,1121.95373535
349922,85463.625
349923,9453.29785156
349924,1403.87121582
349925,4172.91796875
349926,2080.37133789
349927,1180.06018066
349928,3772.48754883
349929,17979.7988281
349930,760529.0625
349931,395878.46875
349932,1510082.75
349933,536167.625
349934,36073.9921875
349935,29999.5175781
349936,5848.07617188
349937,36899.6523438
349938,63148.8867188
349939,86627.578125
349940,258098.453125
349941,96017.171875
349942,294756.3125
349943,871.673339844
349944,24179.0292969
349945,18753.6171875
349946,12814.3789062
349947,24919.7929688
349948,742.678344727
349949,239.648742676
349950,126620.09375
349951,771617.5625
349952,342831.96875
349953,693188.4375
349954,32071.6386719
349955,7721.18798828
349956,34189.484375
349957,131223.953125
349958,1718.03222656
349959,508.181976318
349960,547.32598877
349961,550.253112793
349962,7770.16699219
349963,57192.7734375
349964,21162.8417969
349965,456644.75
349966,661196.875
349967,281280.65625
349968,31395.7128906
349969,827.389587402
349970,6689.43261719
350191,1840.51721191
350192,17156.1269531
350193,665197.625
350194,30141.9453125
350195,6690.11132812
350196,525936.4375
350197,103768.734375
350198,84435.7734375
350199,87247.625
350200,9273.99414062
350201,6058.265625
350202,85412.921875
350203,388435.21875
350204,37779.359375
350205,2264.93603516
350206,271719.03125
350207,147257.890625
350208,456068.21875
350209,415576.28125
350210,2302.16259766
350211,159942.359375
350212,32094.3085938
350213,996.246520996
350214,27649.8007812
350215,10358.3583984
350216,144380.8125
350217,17559.1113281
350218,309651.125
350219,13245.5244141
350220,21490.0488281
350221,25182.2109375
350222,228843.609375
350223,21269.5957031
350224,28221.8535156
350225,11827.1630859
350226,12696.0292969
350227,42880.8085938
350228,8208.20410156
350229,5584.63525391
350230,17146.3828125
350231,8259.09570312
350232,23287.4785156
350233,1395084.375
350234,78406.96875
350235,507992.625
350236,795716.5
350237,92306.8984375
350238,31865.765625
350239,19261.7285156
350240,22958.9414062
350241,43696.765625
350242,284.967193604
350243,795.36151123
350244,2330139.5
350245,404084.84375
350246,4218.78222656
350247,52908.1210938
350248,376378.1875
350249,15628.3359375
350250,3074.18188477
350251,27291.015625
350252,3616.69262695
350253,3616.69262695
350254,16398.671875
350255,89472.1953125
350256,10692.7041016
350257,85639.578125
350258,85639.578125
350259,14925.9140625
350260,179445.34375
350261,25644.5546875
350262,197365.921875
350263,133809.96875
350264,69289.8359375
350265,45607.796875
350266,116996.6875
350267,2847.12548828
350268,16096.71875
350269,13904.6152344
350270,62954.8476562
350271,8176.91308594
350272,45350.171875
350273,44228.09375
350274,235565.375
350275,121793.5625
350276,15160.0771484
350277,8196.06152344
350278,44953.15625
350279,44227.8398438
350280,52477.625
350281,7702.45361328
350282,69933.4609375
350283,71507.546875
350284,178690.65625
350285,12181.8789062
350286,741.968566895
350287,9366.81054688
350288,3786.11938477
350289,15927.6396484
350290,677614.1875
350291,6256.390625
350292,1499.3659668
350293,14113.8125
350294,4239.87597656
350295,4239.87597656
350296,84019.34375
350297,227742.78125
350298,25622.8710938
350299,858689.0625
350300,382568.625
350301,32660.5898438
350302,174510.71875
350303,2436.90356445
350304,1787816.5
350305,52133.9257812
350306,53776.1875
350307,730190.25
350308,772290.9375
350309,785267.375
350310,1390912.0
350311,139634.109375
350312,98989.203125
350313,1742.71899414
350314,8001.15673828
350315,1959.73864746
350316,14321.3544922
350317,88652.03125
350318,3209.71875
350319,33733.8671875
350320,325601.8125
350321,98795.671875
350322,627551.125
350323,266281.46875
350324,87564.65625
350325,60469.6210938
350326,858.891479492
350327,16822.8964844
350328,263023.875
350329,707990.1875
350330,293563.0625
350331,18471.5859375
350332,23264.8535156
350333,200.663131714
350334,10497.0185547
350335,112516.835938
350336,3314.73510742
350337,535.906188965
350338,90587.6171875
350339,10879.0673828
350340,1606.15563965
350341,1355.19946289
350342,144522.28125
350343,785203.875
350344,2153.03540039
350345,14926.390625
350346,203.350616455
350347,10780.7685547
350348,88045.109375
350349,148231.328125
350350,122712.554688
350351,287340.75
350352,386514.78125
350353,12133.2617188
350354,10739.9589844
350355,30579.6425781
350356,3335.94848633
350357,4785.99560547
350358,69372.1015625
350359,24349.3671875
350360,749582.3125
350361,371808.875
350362,733.93359375
350363,214.166687012
350364,0.0
350365,1030.73291016
350366,998.46875
350367,78264.7109375
350368,9449.51660156
350369,1177.52038574
350370,3666.64941406
350371,2455.90014648
350372,1545.28552246
350373,3701.39819336
350374,3136.83056641
350375,873380.375
350376,15355.1230469
350377,1275663.25
350378,408076.34375
350379,27295.5976562
350380,33076.859375
350381,6840.3984375
350382,35396.3554688
350383,50596.7734375
350384,92759.015625
350385,239730.65625
350386,88261.4765625
350387,9626.875
350388,283853.96875
350389,19926.9453125
350390,911.034973145
350391,1962.52954102
350392,16743.8808594
350393,13344.2265625
350394,21445.6699219
350395,633.641235352
350396,143.491958618
350397,112876.710938
350398,778402.6875
350399,292311.9375
350400,687354.0625
350401,21478.984375
350402,7528.56494141
350403,25393.4746094
350404,119634.6875
350405,571178.8125
350406,407.192871094
350407,520.075012207
350408,530.348571777
350409,7708.08984375
350410,61073.9648438
350411,17841.65625
350412,700.559326172
350413,5809.62158203
350414,268269.90625
350415,598524.75
350416,28710.5136719
350417,17254.4511719
350418,600896.25
350419,30067.2265625
350420,7158.42724609
350421,438776.8125
350422,91275.703125
350423,90056.984375
350424,89614.2421875
350425,5440.19970703
350426,3278.14526367
350427,86117.953125
350428,376618.03125
350429,38700.6132812
350430,1460558.375
350431,1879.07702637
350432,2303.49584961
350433,265255.125
350434,151061.703125
350435,532892.0625
350436,492294.28125
350437,2340.72241211
350438,153900.78125
350439,40077.8125
350440,1034.80358887
350441,28424.515625
350442,10731.6318359
350443,145791.421875
350444,16950.1503906
350445,24294.7128906
350446,10497.0185547
350447,23686.0898438
350448,24109.0195312
350449,251198.8125
350450,23090.3613281
350451,28017.4765625
350452,11774.0654297
350453,12705.7353516
350454,39696.7617188
350455,8208.20410156
350456,5347.74072266
350457,18270.1660156
350458,8259.09570312
350459,5665.12890625
350460,13478.703125
350461,73124.0234375
350462,528232.6875
350463,832647.25
350464,92754.2109375
350465,30982.8300781
350466,20933.7988281
350467,25137.9375
350468,39705.84375
350469,440.858123779
350470,897.839294434
350471,2260988.0
350472,410853.53125
350473,26739.6464844
350474,183945.109375
350475,381964.34375
350476,15234.5957031
350477,3456.19897461
350478,27723.8554688
350479,4652.53613281
350480,4652.53613281
350481,16999.6132812
350482,84502.71875
350483,13320.1357422
350484,47131.5078125
350485,47131.5078125
350486,5778.12939453
350487,182561.28125
350488,2818.92089844
350489,54642.5195312
350490,135916.1875
350491,76301.8671875
350492,53940.0507812
350493,3169.15356445
350494,16119.8808594
350495,13927.7783203
350496,83966.9765625
350497,8248.640625
350498,47676.3398438
350499,246961.78125
350500,124727.179688
350501,43836.4140625
350502,15475.6035156
350503,699014.0625
350504,8560.6171875
350505,45537.6289062
350506,51446.5234375
350507,51102.96875
350508,8513.75878906
350509,74138.3828125
350510,83202.8359375
350511,196312.578125
350512,12895.8857422
350513,719.447937012
350514,8950.05371094
350515,4212.64550781
350516,228480.625
350517,12989.8457031
350518,6682.91992188
350519,1379.83642578
350520,12984.9228516
350521,4120.34619141
350522,4120.34619141
350523,84724.5703125
350524,230729.0
350525,26983.6230469
350526,900165.4375
350527,360709.6875
350528,36123.3164062
350529,177520.765625
350530,1786674.875
350531,55129.8515625
350532,67838.34375
350533,755371.5625
350534,755752.5625
350535,811472.25
350536,1111537.75
350537,138664.84375
350538,110655.476562
350539,1742.71899414
350540,7598.91699219
350541,1959.73864746
350542,14871.1367188
350543,84745.3828125
350544,3300.20019531
350545,33526.7148438
350546,351609.71875
350547,106908.9375
350548,631809.875
350549,263792.53125
350550,86976.6796875
350551,60519.9023438
350552,854.44128418
350553,18006.59375
350554,258221.109375
350555,707143.25
350556,309832.5625
350557,19324.0703125
350558,23834.0683594
350559,328.380340576
350560,10780.7685547
350561,3193.52734375
350562,92735.0546875
350563,121174.65625
350564,10537.4140625
350565,1578.39331055
350566,1369.36486816
350567,152505.015625
350568,780731.25
350569,116911.492188
350570,1732.94116211
350571,12283.5234375
350572,376.972930908
350573,564.091430664
350574,89924.3359375
350575,154394.890625
350576,124563.484375
350577,278279.28125
350578,387069.9375
350579,13530.7246094
350580,10986.8886719
350581,30810.1074219
350582,3885.61206055
350583,4785.99560547
350584,74897.984375
350585,24198.6464844
350586,818547.625
350587,2981.72583008
350588,706.893493652
350589,214.166687012
350590,0.0
350591,0.0
350592,1030.73291016
350593,998.46875
350594,82015.6328125
350595,9094.20117188
350596,1177.52038574
350597,3844.25830078
350598,2559.07788086
350599,1545.28552246
350600,4165.84472656
350601,15438.1699219
350602,875595.75
350603,375188.0
350604,967550.9375
350605,463532.6875
350606,24233.2578125
350607,27084.8222656
350608,6840.3984375
350609,37297.0429688
350610,50565.2539062
350611,92194.8828125
350612,239042.203125
350613,89207.65625
350614,283885.15625
350615,911.034973145
350616,21149.3398438
350617,17191.7363281
350618,15132.7226562
350619,22671.9960938
350620,667.823120117
350621,143.491958618
350622,118808.625
350623,820022.6875
350624,308386.875
350625,708226.875
350626,23320.2265625
350627,7528.56494141
350628,24725.4238281
350629,127611.085938
350630,1962.52954102
350631,407.192871094
350632,527.217041016
350633,530.348571777
350634,7708.08984375
350635,63010.2578125
350636,20021.5058594
350637,570962.4375
350638,663006.625
350639,249108.625
350640,28831.6132812
350641,700.559326172
350642,5809.62158203
350643,262367.53125
350644,80777.0
350645,2782.83447266
350646,2266.03857422
350647,16534.1347656
350648,583666.1875
350649,34078.8554688
350650,411002.5
350651,112113.390625
350652,109345.226562
350653,102901.5625
350654,6821.38427734
350655,5092.47314453
350656,735262.3125
350657,172587.359375
350658,590600.125
350659,558824.5625
350660,2671.81640625
350661,171848.421875
350662,48819.2109375
350663,1231.14282227
350664,29611.8046875
350665,11574.2558594
350666,156242.984375
350667,17666.671875
350668,239181.796875
350669,50682.2695312
350670,593091.0625
350671,269444.71875
350672,27084.796875
350673,31028.0
350674,16137.8261719
350675,16596.8515625
350676,41857.5585938
350677,13819.8681641
350678,10054.7070312
350679,19780.8925781
350680,9257.44921875
350681,28800.3886719
350682,12806.5273438
350683,76780.28125
350684,422486.03125
350685,1070337.25
350686,96577.4765625
350687,31470.1445312
350688,23323.9003906
350689,26928.2851562
350690,43152.328125
350691,641.908325195
350692,1234.20654297
350693,2262206.0
350694,417927.3125
350695,9496.75
350696,1580155.25
350697,40304.7734375
350698,58139.9375
350699,16538.9863281
350700,12895.6542969
350701,45017.2148438
350702,22811.1777344
350703,22811.1777344
350704,35156.75
350705,104740.929688
350706,16750.46875
350707,88425.875
350708,88425.875
350709,11042.0839844
350710,197567.546875
350711,27833.4921875
350712,373558.5
350713,156733.078125
350714,104641.0625
350715,67977.21875
350716,3155.99047852
350717,15208.703125
350718,13364.0605469
350719,104090.703125
350720,8852.67285156
350721,53757.7617188
350722,63858.0
350723,242151.109375
350724,142959.609375
350725,25430.4804688
350726,1282.79833984
350727,57837.921875
350728,58468.2890625
350729,9271.63183594
350730,88622.4765625
350731,95475.15625
350732,225473.40625
350733,12573.390625
350734,94.5686416626
350735,9028.1953125
350736,4262.75097656
350737,14149.9521484
350738,12035.9658203
350739,5693.63134766
350740,10490.9941406
350741,12740.3701172
350742,3923.15551758
350743,4656.00634766
350744,91997.1328125
350745,246408.71875
350746,33116.46875
350747,857802.4375
350748,349806.4375
350749,23161.6621094
350750,200487.421875
350751,21202.578125
350752,193195.078125
350753,1909299.0
350754,70984.9140625
350755,830554.0
350756,785441.5
350757,853863.75
350758,1357864.625
350759,158676.109375
350760,127626.539062
350761,1996.37475586
350762,8298.44042969
350763,2381.53588867
350764,16286.8339844
350765,96893.7734375
350766,3063.08618164
350767,59948.359375
350768,438670.53125
350769,122691.859375
350770,698986.125
350771,338154.25
350772,101419.984375
350773,63330.8398438
350774,1042.95568848
350775,19700.1367188
350776,329435.625
350777,735805.5625
350778,318750.5
350779,20580.1328125
350780,26213.6152344
350781,102354.664062
350782,31353.1523438
350783,141298.21875
350784,3416.21069336
350785,103583.203125
350786,11973.1083984
350787,1959.86083984
350788,1554.07312012
350789,179521.984375
350790,866686.1875
350791,130581.609375
350792,2173.62646484
350793,14310.6826172
350794,205.655105591
350795,13733.0410156
350796,173991.984375
350797,128088.796875
350798,335743.875
350799,406730.5625
350800,16654.4023438
350801,14843.9619141
350802,29621.7226562
350803,4807.45068359
350804,6244.10351562
350805,83781.796875
350806,25677.2695312
350807,801774.125
350808,36191.078125
350809,1121875.625
350810,300.142883301
350811,1330.83630371
350812,1319.45666504
350813,83293.5703125
350814,9736.90527344
350815,1606.90039062
350816,4192.86816406
350817,2640.73657227
350818,1968.45397949
350819,4152.13085938
350820,4294.10351562
350821,876764.0
350822,427540.84375
350823,16120.7275391
350824,522470.21875
350825,24940.0507812
350826,29373.7246094
350827,11315.6005859
350828,41700.3359375
350829,52624.2617188
350830,89586.8203125
350831,306737.0625
350832,93383.5390625
350833,9042.1640625
350834,303177.0
350835,13654.4677734
350836,23080.9804688
350837,2660.23803711
350838,1003.46398926
350839,18062.2519531
350840,781.663513184
350841,126.092201233
350842,134185.9375
350843,850521.875
350844,339233.25
350845,744844.1875
350846,25791.5664062
350847,8875.578125
350848,26394.3007812
350849,593260.0
350850,143576.875
350851,320740.75
350852,676167.0625
350853,1064.00622559
350854,676.260009766
350855,897.396850586
350856,835.283935547
350857,8580.84375
350858,65939.6875
350859,31887.65625
350860,22112.0195312
350861,826.614257812
350862,5860.61230469
350863,17276.5527344
350864,626873.9375
350865,29844.5898438
350866,6005.01953125
350867,551947.75
350868,96408.578125
350869,105348.273438
350870,127506.398438
350871,5845.86376953
350872,8424.15820312
350873,87151.3828125
350874,388698.46875
350875,28115.3261719
350876,1541879.25
350877,1645.91577148
350878,2303.49584961
350879,348384.1875
350880,155264.75
350881,457053.84375
350882,453579.46875
350883,2401.93115234
350884,149224.484375
350885,30185.8007812
350886,1418.86755371
350887,20375.7285156
350888,9596.67578125
350889,160142.046875
350890,18749.7636719
350891,18697.0839844
350892,8230.39648438
350893,24405.1425781
350894,23206.4238281
350895,217862.96875
350896,23231.109375
350897,24317.9707031
350898,12177.2558594
350899,8535.70214844
350900,43086.21875
350901,14206.7148438
350902,6495.85400391
350903,19865.8085938
350904,9365.87109375
350905,7380.90966797
350906,12652.1582031
350907,83759.6875
350908,523471.0
350909,832125.75
350910,91234.3828125
350911,26871.0332031
350912,24059.4824219
350913,43039.8046875
350914,44899.4726562
350915,545.001342773
350916,858.804748535
350917,2570686.5
350918,407532.9375
350919,46350.5234375
350920,207756.03125
350921,386111.15625
350922,14809.2822266
350923,3721.67431641
350924,27044.1992188
350925,4009.73266602
350926,4009.73266602
350927,16791.7167969
350928,86662.828125
350929,11929.7431641
350930,80545.4140625
350931,80545.4140625
350932,16219.4433594
350933,189242.46875
350934,3084.39599609
350935,77366.59375
350936,144489.96875
350937,146107.125
350938,51915.6640625
350939,3096.14111328
350940,17553.4257812
350941,15373.640625
350942,79733.09375
350943,10142.2285156
350944,61692.9335938
350945,187746.96875
350946,150554.9375
350947,42043.5546875
350948,12378.1191406
350949,382837.625
350950,8213.70117188
350951,63785.4414062
350952,54737.7578125
350953,50253.5507812
350954,7932.00634766
350955,69370.859375
350956,85656.7734375
350957,208503.828125
350958,10595.8554688
350959,759.372131348
350960,2627.34448242
350961,4212.64550781
350962,456504.125
350963,11347.8066406
350964,6682.91992188
350965,1564.27270508
350966,14867.2617188
350967,3964.02685547
350968,4120.34619141
350969,45418.8242188
350970,204409.5625
350971,179201.6875
350972,1048342.875
350973,383389.375
350974,32730.65625
350975,179431.421875
350976,2704089.75
350977,105059.976562
350978,98564.6015625
350979,848445.375
350980,728529.5625
350981,824730.3125
350982,1525889.0
350983,141918.671875
350984,96722.4765625
350985,1873.64453125
350986,9046.68261719
350987,1966.79870605
350988,14841.4433594
350989,78683.4921875
350990,3353.53637695
350991,32773.28125
350992,494320.90625
350993,109864.453125
350994,607061.0
350995,306620.25
350996,105596.070312
350997,66372.0078125
350998,756.297729492
350999,17821.6367188
351000,271086.34375
351001,695321.25
351002,302947.1875
351003,17842.9609375
351004,27319.8828125
351005,175.09967041
351006,11408.4443359
351007,3836.18212891
351008,86925.71875
351009,110628.0625
351010,11676.3623047
351011,2171.80664062
351012,1323.81213379
351013,163482.15625
351014,867253.1875
351015,102271.609375
351016,2221.91015625
351017,12195.6181641
351018,196.190338135
351019,564.27734375
351020,100347.09375
351021,172513.75
351022,102865.5625
351023,320127.0625
351024,327421.3125
351025,19118.6972656
351026,11863.2675781
351027,30630.8085938
351028,3798.98925781
351029,4588.71044922
351030,73611.1875
351031,23349.6582031
351032,734406.9375
351033,4450.80273438
351034,920.08215332
351035,176.091308594
351036,0.0
351037,0.0
351038,1051.31274414
351039,935.622802734
351040,87455.40625
351041,11194.4736328
351042,1183.30029297
351043,4771.73730469
351044,2021.32421875
351045,1190.10107422
351046,3880.66308594
351047,15733.2060547
351048,811580.375
351049,379320.71875
351050,1837298.25
351051,536787.4375
351052,33733.125
351053,32107.6523438
351054,6999.89599609
351055,37430.5742188
351056,45355.7539062
351057,95978.65625
351058,231009.34375
351059,85387.6171875
351060,313007.1875
351061,981.450256348
351062,25324.2246094
351063,16116.9599609
351064,16977.8222656
351065,23455.234375
351066,650.751220703
351067,123.428138733
351068,120016.28125
351069,796361.625
351070,307775.40625
351071,675252.125
351072,25603.2851562
351073,7927.63671875
351074,28859.6484375
351075,109416.664062
351076,1961.77856445
351077,438.019348145
351078,605.650817871
351079,471.440551758
351080,7543.13330078
351081,80321.296875
351082,17263.4003906
351083,582714.9375
351084,620751.25
351085,268422.25
351086,21765.6640625
351087,659.81854248
351088,5052.75
351089,306683.71875
351090,83285.75
351091,2589.38183594
351092,2258.44873047
351093,17168.0410156
351094,614607.4375
351095,34531.78125
351096,493435.65625
351097,111922.617188
351098,112341.453125
351099,120340.304688
351100,7785.76269531
351101,9095.28710938
351102,412872.15625
351103,170490.09375
351104,527537.375
351105,551198.0
351106,2458.95214844
351107,175278.234375
351108,45817.2734375
351109,1663.08300781
351110,22676.125
351111,10887.8564453
351112,171827.25
351113,18505.59375
351114,413565.3125
351115,67071.3046875
351116,595133.625
351117,259154.8125
351118,23858.4042969
351119,27701.3359375
351120,12034.5527344
351121,10366.7558594
351122,43345.4726562
351123,15621.0576172
351124,7362.19189453
351125,20854.6191406
351126,8936.5078125
351127,21901.6210938
351128,13202.0380859
351129,85614.4921875
351130,386897.71875
351131,971619.5
351132,92389.6640625
351133,25775.8574219
351134,24481.734375
351135,42277.578125
351136,44999.9726562
351137,616.771911621
351138,977.791015625
351139,2519163.5
351140,392509.4375
351141,8571.95898438
351142,1607793.0
351143,30301.40625
351144,76175.40625
351145,15284.9619141
351146,7510.57714844
351147,40722.4335938
351148,17651.109375
351149,17651.109375
351150,29998.1953125
351151,77548.7265625
351152,16295.28125
351153,52906.3203125
351154,52906.3203125
351155,5748.39697266
351156,200082.25
351157,44302.0742188
351158,330036.8125
351159,165744.171875
351160,170058.53125
351161,74669.625
351162,2917.36669922
351163,16477.4140625
351164,14316.78125
351165,113081.625
351166,12768.2939453
351167,51389.484375
351168,88185.6328125
351169,186221.6875
351170,170054.84375
351171,29456.5078125
351172,1165.04846191
351173,73608.53125
351174,51591.484375
351175,8869.69726562
351176,95276.7421875
351177,105681.296875
351178,223143.203125
351179,12309.1591797
351180,196.347488403
351181,2898.62231445
351182,5232.37011719
351183,15630.4873047
351184,11623.75
351185,7702.64453125
351186,12638.7558594
351187,15634.9638672
351188,4611.38867188
351189,4767.71044922
351190,55408.8164062
351191,204288.03125
351192,171194.40625
351193,1095810.875
351194,384374.625
351195,40773.4765625
351196,193312.09375
351197,15817.4980469
351198,223560.125
351199,2397314.0
351200,77884.046875
351201,948302.1875
351202,713109.3125
351203,830077.25
351204,1167156.625
351205,156814.625
351206,127601.960938
351207,2405.671875
351208,8802.20605469
351209,2169.9765625
351210,16492.0996094
351211,99877.9296875
351212,3722.62548828
351213,95656.171875
351214,558269.5625
351215,135455.140625
351216,667635.5625
351217,322059.5625
351218,133831.171875
351219,72762.8984375
351220,1202.12255859
351221,19713.7128906
351222,337882.59375
351223,740862.4375
351224,324222.8125
351225,20260.5566406
351226,32060.640625
351227,117415.0625
351228,24481.6835938
351229,137742.953125
351230,3584.38989258
351231,99822.671875
351232,13425.8662109
351233,2324.27734375
351234,1394.25878906
351235,188409.90625
351236,976933.625
351237,126332.859375
351238,2566.86450195
351239,14720.2421875
351240,202.008026123
351241,10091.3535156
351242,187534.28125
351243,129094.375
351244,357475.09375
351245,340686.15625
351246,19225.6054688
351247,12580.9326172
351248,31795.7050781
351249,4867.30810547
351250,6046.81835938
351251,86787.765625
351252,18927.8964844
351253,809801.0625
351254,34640.6601562
351255,1119403.75
351256,275.54107666
351257,1552.9901123
351258,1103.12768555
351259,88663.609375
351260,10265.4423828
351261,1616.9864502
351262,5858.87841797
351263,1407.54541016
351264,1597.88464355
351265,4843.72558594
351266,5261.7734375
351267,850297.5625
351268,427938.625
351269,17631.8769531
351270,598878.3125
351271,35134.6992188
351272,30376.0078125
351273,6924.65039062
351274,39251.5039062
351275,45526.2539062
351276,100037.601562
351277,280280.40625
351278,89034.0625
351279,12063.6884766
351280,341667.59375
351281,11453.6279297
351282,31446.2382812
351283,1887.23913574
351284,1099.84692383
351285,17406.0605469
351286,597.188293457
351287,106.027198792
351288,131024.414062
351289,813386.125
351290,329406.6875
351291,735687.0
351292,28429.2246094
351293,9226.11425781
351294,26870.3789062
351295,616636.9375
351296,132170.96875
351297,317318.15625
351298,705674.75
351299,1134.42163086
351300,679.877441406
351301,919.941833496
351302,713.298828125
351303,7964.72802734
351304,75805.7890625
351305,24043.2050781
351306,21570.8535156
351307,815.865661621
351308,5171.76708984
351309,256280.640625
351310,82223.0390625
351311,2665.17773438
351312,2058.82006836
351313,18806.2363281
351314,363030.1875
351315,19765.3066406
351316,254097.65625
351317,137232.0625
351318,118680.703125
351319,113079.820312
351320,10194.4091797
351321,12778.9316406
351322,340126.5
351323,160275.546875
351324,437685.15625
351325,414512.4375
351326,2850.35913086
351327,158267.75
351328,51919.015625
351329,1425.81982422
351330,23249.1679688
351331,15472.1572266
351332,132369.8125
351333,16389.4003906
351334,296671.40625
351335,61261.0585938
351336,534039.0
351337,243539.90625
351338,25101.8417969
351339,28975.3945312
351340,13625.1298828
351341,7997.45019531
351342,38759.4960938
351343,13342.4970703
351344,12033.5644531
351345,21422.1210938
351346,12158.4453125
351347,23221.4433594
351348,12590.9199219
351349,88807.109375
351350,409760.9375
351351,1087680.875
351352,88189.203125
351353,27735.9199219
351354,24185.2011719
351355,31071.6230469
351356,48294.7226562
351357,395.802581787
351358,1052.02709961
351359,2563718.25
351360,422175.21875
351361,13160.2226562
351362,1425086.5
351363,34346.8632812
351364,27470.421875
351365,15346.1455078
351366,5897.86181641
351367,28300.5644531
351368,6814.93408203
351369,17008.3066406
351370,29790.3007812
351371,79708.8359375
351372,15012.6806641
351373,76149.5390625
351374,76149.5390625
351375,13916.5029297
351376,196525.59375
351377,25727.4414062
351378,289710.3125
351379,128445.5
351380,130969.039062
351381,118499.398438
351382,2667.16186523
351383,14749.6572266
351384,13522.0009766
351385,96958.453125
351386,11184.2314453
351387,53234.234375
351388,57613.15625
351389,177525.015625
351390,103302.84375
351391,25664.9863281
351392,1408.05615234
351393,80441.40625
351394,27107.8261719
351395,9438.89941406
351396,80109.71875
351397,87283.5078125
351398,145469.5
351399,17226.375
351400,142.453140259
351401,4060.32397461
351402,5514.31201172
351403,11823.4150391
351404,13267.9277344
351405,7984.58642578
351406,12647.4707031
351407,13338.2216797
351408,4659.93408203
351409,4659.93408203
351410,86292.921875
351411,115633.976562
351412,41700.2460938
351413,833972.4375
351414,371400.875
351415,95574.8515625
351416,196967.140625
351417,16082.9736328
351418,152674.71875
351419,2105356.25
351420,60170.0195312
351421,878145.75
351422,713664.4375
351423,653292.1875
351424,865878.5625
351425,135786.1875
351426,130118.023438
351427,1707.24023438
351428,9142.33300781
351429,1961.69494629
351430,13951.9960938
351431,102933.898438
351432,3836.12524414
351433,60993.2851562
351434,373287.09375
351435,111346.9375
351436,486520.21875
351437,310261.96875
351438,98228.4140625
351439,51999.0273438
351440,1102.88439941
351441,18419.46875
351442,315295.09375
351443,741697.5
351444,323007.90625
351445,19793.8789062
351446,31889.0957031
351447,107952.898438
351448,27016.7246094
351449,125406.921875
351450,4195.37207031
351451,108496.570312
351452,12765.28125
351453,2479.52246094
351454,1558.92590332
351455,174548.234375
351456,904500.1875
351457,124073.359375
351458,2047.3482666
351459,22520.3417969
351460,142.694992065
351461,12493.4736328
351462,224891.34375
351463,118145.84375
351464,324916.3125
351465,386686.6875
351466,13835.359375
351467,12269.6113281
351468,29303.3046875
351469,3954.23583984
351470,5007.53857422
351471,90927.8984375
351472,19109.2402344
351473,645065.75
351474,28985.8105469
351475,752264.0
351476,314.079711914
351477,1663.42248535
351478,2250.99145508
351479,87030.5078125
351480,9706.78710938
351481,1234.32458496
351482,5269.82958984
351483,2575.32739258
351484,1630.70349121
351485,5128.41650391
351486,6652.76269531
351487,703820.5
351488,323809.8125
351489,17611.8710938
351490,224407.6875
351491,27697.4023438
351492,31942.1738281
351493,9512.484375
351494,32713.6230469
351495,45563.3398438
351496,94331.0390625
351497,268401.8125
351498,92332.1328125
351499,12323.0009766
351500,298677.96875
351501,14319.7265625
351502,22394.2597656
351503,2639.67114258
351504,1314.08410645
351505,18019.0195312
351506,620.556335449
351507,163.982376099
351508,111905.515625
351509,756387.5
351510,327396.5
351511,690072.75
351512,26210.7246094
351513,8484.71386719
351514,33705.234375
351515,477921.8125
351516,134578.5625
351517,298501.34375
351518,610878.75
351519,1473.34411621
351520,649.952575684
351521,648.462890625
351522,689.754272461
351523,9962.91308594
351524,53454.7109375
351525,21802.4511719
351526,17564.0019531
351527,596.350708008
351528,5913.91357422
